f000001,21.280,26.120,"ACT II A spacious salon in white stucco."
f000002,26.120,35.400,"In the rearwall, between two high mirrors, a wide folding doorway showing in the rear room a big cardtable surrounded by Turkish upholstered chairs."
f000003,35.400,41.320,"In the left wall two doors, the upper one to the entrancehall, the lower to the diningroom."
f000004,41.320,49.920,"Between them a rocococonsole with a white marble top, and above it Lulu's Pierrotpicture in a narrow gold frame let into the wall."
f000005,49.920,54.040,"Two other doors, right; near the lower one a small table."
f000006,54.040,68.440,"Wide and brightlycovered chairs stand about, with thin legs and fragile arms; and in the middle is a sofa of the same style Louis XV.. A large company is moving about the salon in lively conversation."
f000007,68.440,77.160,"The menAlva, Rodrigo, Marquis CastiPiani, Banker Puntschu, and Journalist Heilmannare in evening dress."
f000008,77.160,83.960,"Lulu wears a white Directoire dress with huge sleeves and white lace falling freely from belt to feet."
f000009,83.960,90.120,"Her arms are in white kid gloves, her hair done high with a little tuft of white feathers."
f000010,90.120,101.840,"Geschwitz is in a bright blue hussarwaist trimmed with white fur and laced with silver braid, a tall tight collar with a white bow and stiff cuffs with huge ivory links."
f000011,101.840,112.640,"Magelone is in bright rainbowcolored shot silk with very wide sleeves, long narrow waist, and three ruffles of spiral rosecolored ribbons and violet bouquets."
f000012,112.640,116.640,"Her hair is parted in the middle and drawn low over her temples."
f000013,116.640,122.080,"On her forehead is a motherofpearl ornament, held by a fine chain under her hair."
f000014,122.080,139.680,"Kadidia, her daughter, twelve years old, has brightgreen satin gaiters which yet leave visible the tops of her white silk socks, and a whitelacecovered dress with brightgreen narrow sleeves, pearlgray gloves, and free black hair under a big brightgreen hat with white feathers."
f000015,139.680,149.280,"Bianetta is in darkgreen velvet, the collar sewn with pearls, and a full skirt, its hem embroidered with great false topazes set in silver."
f000016,149.280,154.440,"Ludmilla Steinherz is in a glaring summer frock striped red and blue."
f000017,154.440,159.240,"Rodrigo stands, centre, a full glass in his hand."
f000018,159.240,187.440,"Ladies and gentlemenI beg your pardonplease be quietI drinkpermit me to drinkfor this is the birthday party of our amiable hostesstaking Lulu's arm of Countess Adelaide d'Oubradamned and done for!I drink thereforeand so forth, go to it, ladies!"
f000019,187.440,190.000,"All surround Lulu and clink with her."
f000020,190.000,192.600,"Alva presses Rodrigo's hand."
f000021,192.600,194.840,"I congratulate you."
f000022,194.840,197.000,"I'm sweating like a roast pig."
f000023,197.000,199.680,"To Lulu."
f000024,199.680,202.840,"Let's see if everything's in order in the cardroom."
f000025,202.840,205.200,"Alva and Lulu exeunt, rear."
f000026,205.200,207.920,"Bianetta speaks to Rodrigo."
f000027,207.920,213.080,"They were telling me just now you were the strongest man in the world."
f000028,213.080,214.280,"That I am."
f000029,214.280,217.320,"May I put my strength at your disposal?"
f000030,217.320,219.760,"I love sharpshooters better."
f000031,219.760,225.640,"Three months ago a sharpshooter stepped into the casino and every time he went bang!"
f000032,225.640,227.720,"I felt like this."
f000033,227.720,229.800,"She wriggles her hips."
f000034,229.800,236.040,"Who speaks thruout the act in a bored and weary tone, to Magelone."
f000035,236.040,243.960,"Say, dearie, how does it happen we see your nice little princess here for the first time tonight?"
f000036,243.960,245.800,"Meaning Kadidia."
f000037,245.800,250.400,"Do you really find her so delightful?She is still in the convent."
f000038,250.400,253.080,"She must be back in school again on Monday."
f000039,253.080,255.120,"What did you say, mama?"
f000040,255.120,260.200,"I was just telling the gentleman that you got the highest mark in geometry last week."
f000041,260.200,263.200,"Some pretty hair she's got!"
f000042,263.200,268.280,"Just look at her feet: the way she walks!"
f000043,268.280,271.640,"By god, she's got breeding!"
f000044,271.640,272.680,"Smiling."
f000045,272.680,276.000,"But my dear sirs, take pity on her!"
f000046,276.000,278.320,"She's nothing but a child still!"
f000047,278.320,280.000,"That'd trouble me damned little!"
f000048,280.000,281.640,"To Heilmann."
f000049,281.640,288.840,"I'd give ten years of my life if I could initiate the young lady into the ceremonies of our secret society!"
f000050,288.840,292.280,"But you won't get me to consent to that for a million."
f000051,292.280,295.320,"I won't have the child's youth ruined, the way mine was!"
f000052,295.320,299.880,"Confessions of a lovely soul!"
f000053,299.880,301.400,"To Magelone."
f000054,301.400,305.360,"Would you not agree, either, for a set of real diamonds?"
f000055,305.360,307.560,"Don't brag!"
f000056,307.560,310.880,"You'll give as few real diamonds to me as to my child."
f000057,310.880,312.920,"You know that quite the best yourself."
f000058,312.920,315.680,"Kadidia goes into the rear room."
f000059,315.680,320.320,"But is nobody at all going to play, this evening?"
f000060,320.320,322.800,"Why, of course, comtesse."
f000061,322.800,326.360,"I'm counting on it very much, for one!"
f000062,326.360,329.040,"Then let's take our places right away."
f000063,329.040,332.680,"The gentlemen will soon come then."
f000064,332.680,336.400,"May I ask you to excuse me just a second."
f000065,336.400,339.320,"I must say a word to my friend."
f000066,339.320,342.920,"Offering his arm to Bianetta."
f000067,342.920,346.480,"May I have the honor to be your partner?"
f000068,346.480,350.000,"You always hold such a lucky hand!"
f000069,350.000,356.440,"Now just give me your other arm and then lead us into the gamblinghell."
f000070,356.440,358.440,"The three go off so, rear."
f000071,358.440,363.680,"Say, Mr. Puntschu, have you still got a few Jungfrau shares for me, maybe?"
f000072,363.680,365.520,"Jungfraushares?"
f000073,365.520,366.840,"To Heilmann."
f000074,366.840,370.920,"The lady means the stock of the funicular railway on the Jungfrau."
f000075,370.920,378.040,"The Jungfrau, you know,the Virginis a mountain up which they want to build a wire railway."
f000076,378.040,379.960,"To Magelone."
f000077,379.960,395.120,"You know, just so there may be no confusion;and how easy that would be in this select circle!Yes, I still have some four thousand Jungfraushares, but I should like to keep those for myself."
f000078,395.120,399.600,"There won't be such another chance soon of making a little fortune out of hand."
f000079,399.600,406.240,"I've only one lone share of this Jungfraustock so far."
f000080,406.240,408.520,"I should like to have more, too."
f000081,408.520,412.240,"I'll try, Mr. Heilmann, to look after some for you."
f000082,412.240,417.000,"But I'll tell you beforehand you'll have to pay drugstore prices for them!"
f000083,417.000,421.000,"My fortuneteller advised me to look about me in time."
f000084,421.000,424.040,"All my savings are in Jungfraushares now."
f000085,424.040,428.760,"If it doesn't turn out well, Mr. Puntschu, I'll scratch your eyes out!"
f000086,428.760,433.120,"I am perfectly sure of my affairs, my dearie!"
f000087,433.120,437.400,"Who has come back from the cardroom, to Magelone."
f000088,437.400,442.240,"I can guarantee your fears are absolutely unfounded."
f000089,442.240,446.880,"I paid very dear for my Jungfraustock and haven't regretted it a minute."
f000090,446.880,450.040,"They're going up steadily from day to day."
f000091,450.040,453.400,"There never was such a thing before."
f000092,453.400,455.280,"All the better, if you're right."
f000093,455.280,457.080,"Taking Puntschu's arm."
f000094,457.080,460.840,"Come, my friend, let's try our luck now at baccarat."
f000095,460.840,470.080,"All go out, rear, except Geschwitz and Rodrigo who scribbles something on a piece of paper and folds it up, then notices Geschwitz."
f000096,470.080,474.600,"Hm, madam countessGeschwitz starts and shrinks."
f000097,474.600,477.560,"Do I look as dangerous as that?"
f000098,477.560,478.880,"To himself."
f000099,478.880,481.120,"I must make a bon mot."
f000100,481.120,481.720,"Aloud."
f000101,481.720,486.640,"May I perhaps make so bold GESCHWITZ."
f000102,486.640,489.000,"You can go to the devil!"
f000103,489.000,490.560,"As he leads Lulu in."
f000104,490.560,493.920,"Permit me a word or two."
f000105,493.920,498.280,"Not noticing Rodrigo who presses his note into her hand."
f000106,498.280,500.040,"Oh, as many as you like."
f000107,500.040,503.560,"Rodrigo bows and goes out, rear."
f000108,503.560,507.080,"To Geschwitz."
f000109,507.080,508.480,"Leave us alone!"
f000110,508.480,510.720,"To CastiPiani."
f000111,510.720,512.760,"Have I hurt you again in any way?"
f000112,512.760,516.080,"Since Geschwitz does not stir."
f000113,516.080,519.920,"Are you deaf?"
f000114,519.920,523.280,"Geschwitz, sighing deeply, goes out, rear."
f000115,523.280,526.360,"Just say straight out how much you want."
f000116,526.360,529.600,"With money you can no longer serve me."
f000117,529.600,532.280,"What makes you think that we have no more money?"
f000118,532.280,536.320,"You handed out the last bit of it to me yesterday."
f000119,536.320,539.480,"If you're sure of that then I suppose it's so."
f000120,539.480,544.520,"You're down on the bare ground, you and your writer."
f000121,544.520,551.080,"Then why all the words?If you want to have me for yourself you need not first threaten me with execution."
f000122,551.080,553.080,"I know that."
f000123,553.080,558.160,"But I've told you more than once that you won't be my downfall."
f000124,558.160,564.360,"I haven't sucked you dry because you loved me, but loved you in order to suck you."
f000125,564.360,569.200,"Bianetta is more to my taste from top to bottom than you."
f000126,569.200,578.480,"You set out the choicest sweetmeats, and after one has frittered his time away at them he finds he's hungrier than before."
f000127,578.480,583.200,"You've loved too long, even for our present relations."
f000128,583.200,587.800,"With a healthy young man, you only ruin his nervous system."
f000129,587.800,593.000,"But you'll fit all the more perfectly in the position I have sought out for you."
f000130,593.000,594.720,"You're crazy!"
f000131,594.720,597.960,"Have I commissioned you to find a position for me?"
f000132,597.960,601.320,"I told you, though, that I was an appointmentsagent."
f000133,601.320,604.280,"You told me you were a police spy."
f000134,604.280,607.400,"One can't live on that alone."
f000135,607.400,617.080,"I was an appointmentsagent originally, till I blundered over a minister's daughter I'd got a position for in Valparaiso."
f000136,617.080,627.880,"The little darling in her childhood's dreams imagined the life even more intoxicating than it is, and complained of it to Mama."
f000137,627.880,646.360,"On that, they nabbed me; but by reliable demeanor I soon enough won the confidence of the criminal police and they sent me here on a hundred and fifty marks a month, because they were tripling our contingent here on account of these everlasting bombexplosions."
f000138,646.360,650.480,"But who can get along on a hundred and fifty marks a month?"
f000139,650.480,675.040,"My colleagues get women to support them; but, of course, I found it more convenient to take up my former calling again; and of the numberless adventuresses of the best families of the entire world, whom chance brings together here, I have already forwarded many a young creature hungry for life to the place of her natural vocation."
f000140,675.040,676.000,"Decisively."
f000141,676.000,678.520,"I wouldn't do in that business."
f000142,678.520,683.640,"Your views on that question make no difference whatever to me."
f000143,683.640,694.400,"The department of justice will pay anyone who delivers the murderess of Dr. Sch√∂n into the hands of the police a thousand marks."
f000144,694.400,703.640,"I only need to whistle for the constable who's standing down at the corner to have earned a thousand marks."
f000145,703.640,716.560,"Against that, the House of Oikonomopulos in Cairo bids sixty pounds for youtwelve hundred markstwo hundred more than the Attorney General."
f000146,716.560,728.000,"And, besides, I am still so far a friend of mankind that I prefer to help my loves to happiness, not plunge them into misfortune."
f000147,728.000,728.680,"As before."
f000148,728.680,733.200,"The life in such a house can never make a woman of my stamp happy."
f000149,733.200,736.240,"When I was fifteen, that might have happened to me."
f000150,736.240,739.440,"I was desperate thenthought I should never be happy."
f000151,739.440,746.880,"I bought a revolver, and ran one night barefoot thru the deep snow over the bridge to the park to shoot myself there."
f000152,746.880,756.040,"But then by good luck I lay three months in the hospital without setting eyes on a man, and in that time my eyes opened and I got to know myself."
f000153,756.040,767.360,"Night after night in my dreams I saw the man for whom I was created and who was created for me, and then when I was let out on the men again I was no longer a silly goose."
f000154,767.360,783.320,"Since then I can see on a man, in a pitchdark night and a hundred feet away, whether we're suited to each other; and if I sin against that insight I feel the next day dirtied, body and soul, and need weeks to get over the loathing I have for myself."
f000155,783.320,788.200,"And now you imagine I'll give myself to every and any Tom and Harry!"
f000156,788.200,793.480,"Toms and Harries don't patronize Oikonomopulos of Cairo."
f000157,793.480,804.120,"His custom consists of Scottish lords, Russian dignitaries, Indian governors, and our jolly Rhineland captains of industry."
f000158,804.120,808.080,"I must only guarantee that you speak French."
f000159,808.080,815.840,"With your gift for languages you'll quickly enough learn as much English, besides, as you'll need to get on with."
f000160,815.840,844.800,"And you'll reside in a royally furnished apartment with an outlook on the minarets of the El Azhar Mosque, and walk around all day on Persian carpets as thick as your fist, and dress every evening in a fabulous Paris gown and drink as much champagne as your customers can pay for, and, finally, you'll even remain, up to a certain point, your own mistress."
f000161,844.800,850.640,"If the man doesn't please you, you needn't bring him any reciprocal feelings."
f000162,850.640,857.080,"Just let him give in his card, and thenShrugs, and snaps his fingers."
f000163,857.080,869.080,"If the ladies didn't get used to that the whole business would be simply impossible, because every one after the first four weeks would go headlong to the devil."
f000164,869.080,870.440,"Her voice shaking."
f000165,870.440,873.680,"I do believe that since yesterday you've got a screw loose somewhere."
f000166,873.680,880.240,"Am I to understand that the Egyptian will pay fifteen hundred francs for a person whom he's never seen?"
f000167,880.240,884.360,"I took the liberty of sending him your pictures."
f000168,884.360,887.840,"Those pictures that I gave you, you've sent to him?"
f000169,887.840,891.800,"You see he can value them better than I."
f000170,891.800,899.520,"The picture in which you stand before the mirror as Eve he'll probably hang up at the housedoor, after you've got there."
f000171,899.520,913.080,"And then there's one thing more for you to notice: with Oikonomopulos in Cairo you'll be safer from your bloodhounds than if you crept into a Canadian wilderness."
f000172,913.080,925.880,"It isn't so easy to transport an Egyptian courtesan to a German prison,first, on account of the mere expense, and second, from fear of coming too close to eternal Justice."
f000173,925.880,927.800,"Proudly, in a clear voice."
f000174,927.800,930.640,"What's your eternal Justice to do with me!"
f000175,930.640,936.960,"You can see as plain as your five fingers I shan't let myself be locked up in any such amusementplace!"
f000176,936.960,940.800,"Then do you want me to whistle for the policeman?"
f000177,940.800,941.280,"In wonder."
f000178,941.280,945.960,"Why don't you simply ask me for twelve hundred marks, if you want the money?"
f000179,945.960,948.960,"I want for no money!"
f000180,948.960,953.880,"And I also don't ask for it because you're dead broke."
f000181,953.880,957.000,"We still have thirty thousand marks."
f000182,957.000,960.040,"In Jungfraustock!"
f000183,960.040,962.880,"I never have anything to do with stock."
f000184,962.880,970.320,"The AttorneyGeneral pays in the national currency, and Oikonomopulos pays in English gold."
f000185,970.320,973.280,"You can be on board early tomorrow."
f000186,973.280,976.920,"The passage doesn't last much more than five days."
f000187,976.920,980.600,"In two weeks at most you're in safety."
f000188,980.600,984.440,"Here you are nearer to prison than anywhere."
f000189,984.440,995.600,"It's a wonder which I, as one of the secret police, cannot understand, that you two have been able to live for a full year unmolested."
f000190,995.600,1008.880,"But just as I came on the track of your antecedents, so any day, with your mighty consumption of men, one of my colleagues may make the happy discovery."
f000191,1008.880,1017.080,"Then I may just wipe my mouth, and you spend in prison the most enjoyable years of your life."
f000192,1017.080,1020.200,"If you will kindly decide quickly."
f000193,1020.200,1022.440,"The train goes at."
f000194,1022.440,1027.440,"If we haven't struck a bargain before eleven, I whistle up the policeman."
f000195,1027.440,1038.800,"If we have, I pack you, just as you stand, into a carriage, drive you to the station, and tomorrow escort you on board ship."
f000196,1038.800,1042.160,"But is it possible you can be serious in all this?"
f000197,1042.160,1047.520,"Don't you understand that I can act now only for your bodily rescue?"
f000198,1047.520,1053.520,"I'll go with you to America or to China, but I can't let myself be sold of my own accord!"
f000199,1053.520,1057.040,"That is worse than prison!"
f000200,1057.040,1058.760,"Drawing a letter from his pocket."
f000201,1058.760,1061.920,"Just read this effusion!"
f000202,1061.920,1063.760,"I'll read it to you."
f000203,1063.760,1069.840,"Here's the postmark Cairo, so you won't believe I work with forged documents."
f000204,1069.840,1078.800,"The girl is a Berliner, was married two years and to a man whom you would have envied her, a former comrade of mine."
f000205,1078.800,1081.640,"He travels now for the Hamburg Colonial Company."
f000206,1081.640,1082.040,"Merrily."
f000207,1082.040,1085.280,"Then perhaps he visits his wife occasionally?"
f000208,1085.280,1088.040,"That is not incredible."
f000209,1088.040,1092.760,"But hear this impulsive expression of her feelings."
f000210,1092.760,1108.360,"My whiteslave traffic seems to me absolutely no more honorable than the very best judge would tax it with being, but a cry of joy like this lets me feel a certain moral satisfaction for a moment."
f000211,1108.360,1113.720,"I am proud to earn my money by scattering happiness with full hands."
f000212,1113.720,1115.120,"Reads."
f000213,1115.120,1146.320,"Dear Mr. Meyerthat's my name as a whiteslave traderwhen you go to Berlin, please go right away to the conservatory on the Potsdamer Strasse and ask for Gusti von Rosenkronthe most beautiful woman that I've ever seen in naturedelightful hands and feet, naturally small waist, straight back, full body, big eyes and short nosejust the sort you like best."
f000214,1146.320,1148.920,"I have written to her already."
f000215,1148.920,1151.520,"She has no prospects with her singing."
f000216,1151.520,1153.400,"Her mother hasn't a penny."
f000217,1153.400,1158.200,"Sorry she's already twentytwo, but she's pining for love."
f000218,1158.200,1162.360,"Can't marry, because absolutely without means."
f000219,1162.360,1164.760,"I have spoken with Madame."
f000220,1164.760,1169.600,"They'd like to take another German, if she's well educated and musical."
f000221,1169.600,1175.000,"Italians and Frenchwomen can't compete with us, 'cause of too little culture."
f000222,1175.000,1183.480,"If you should see FritzFritz is the husband; he's getting a divorce, of course,tell him it was all a bore."
f000223,1183.480,1186.720,"He didn't know any better, nor did I either."
f000224,1186.720,1189.960,"Now come the exact details LULU."
f000225,1189.960,1190.240,"Goaded."
f000226,1190.240,1193.800,"I can not sell the only thing that ever was my own!"
f000227,1193.800,1196.040,"Let me read some more."
f000228,1196.040,1196.280,"As before."
f000229,1196.280,1200.360,"This very evening, I'll hand over to you our entire wealth."
f000230,1200.360,1206.000,"Believe me, for God's sake, I've got your last red cent!"
f000231,1206.000,1214.400,"If we haven't left this house before eleven, you and your lot will be transported tomorrow in a policecar to Germany."
f000232,1214.400,1216.200,"You can't give me up!"
f000233,1216.200,1220.720,"Do you think that would be the worst thing I can have done in my life?."
f000234,1220.720,1227.080,"I must, in case we go tonight, have just a brief word with Bianetta."
f000235,1227.080,1231.160,"He goes into the cardroom, leaving the door open behind him."
f000236,1231.160,1239.400,"Lulu stares before her, mechanically crumpling up the note that Rodrigo stuck into her hand, which she has held in her fingers thruout the dialog."
f000237,1239.400,1246.200,"Alva, behind the cardtable, gets up, a bill in his hand, and comes into the salon."
f000238,1246.200,1247.000,"To Lulu."
f000239,1247.000,1249.240,"Brilliantly!"
f000240,1249.240,1251.040,"It's going brilliantly!"
f000241,1251.040,1254.040,"Geschwitz is wagering her last shirt."
f000242,1254.040,1258.080,"Puntschu has promised me ten more Jungfraushares."
f000243,1258.080,1261.720,"Steinherz is making her little gains and profits."
f000244,1261.720,1264.760,"Exit, lower right."
f000245,1264.760,1270.480,"I in a bordell?She reads the paper she holds, and laughs madly."
f000246,1270.480,1274.160,"Coming back with a cashbox in his hand."
f000247,1274.160,1276.640,"Aren't you going to play, too?"
f000248,1276.640,1279.400,"Oh, yes, surelywhy not?"
f000249,1279.400,1289.920,"By the way, it's in the Berliner Tageblatt today that Alfred Hugenberg has hurled himself over the stairs in prison."
f000250,1289.920,1292.080,"Is he too in prison?"
f000251,1292.080,1295.520,"Only in a sort of house of detention."
f000252,1295.520,1297.120,"Exit, rear."
f000253,1297.120,1301.480,"Lulu is about to follow, but Countess Geschwitz meets her in the doorway."
f000254,1301.480,1304.400,"You are going because I come?"
f000255,1304.400,1304.600,"Resolutely."
f000256,1304.600,1306.680,"No, God knows."
f000257,1306.680,1308.800,"But when you come then I go."
f000258,1308.800,1314.240,"You have defrauded me of all the good things of this world that I still possessed."
f000259,1314.240,1321.080,"You might at the very least preserve the outward forms of politeness in your intercourse with me."
f000260,1321.080,1322.280,"As before."
f000261,1322.280,1324.440,"I am as polite to you as to any other woman."
f000262,1324.440,1327.200,"I only beg you to be equally so to me."
f000263,1327.200,1337.560,"Have you forgotten the passionate endearments by which, while we lay together in the hospital, you seduced me into letting myself be locked into prison for you?"
f000264,1337.560,1341.600,"Well, why else did you bring me down with the cholera beforehand?"
f000265,1341.600,1347.480,"I swore very different things to myself, even while it was going on, from what I had to promise you!"
f000266,1347.480,1351.760,"I am shaken with horror at the thought that that should ever become reality!"
f000267,1351.760,1355.120,"Then you cheated me consciously, deliberately?"
f000268,1355.120,1355.640,"Gaily."
f000269,1355.640,1357.680,"What have you been cheated of, then?"
f000270,1357.680,1367.120,"Your physical advantages have found so enthusiastic an admirer here, that I ask myself if I won't have to give piano lessons once more, to keep alive!"
f000271,1367.120,1375.960,"No seventeenyearold child could make a man madder with love than you, a pervert, are making him, poor fellow, by your shrewishness."
f000272,1375.960,1378.640,"Of whom are you speaking?"
f000273,1378.640,1381.040,"I don't understand a word."
f000274,1381.040,1381.280,"As before."
f000275,1381.280,1384.920,"I'm speaking of your acrobat, of Rodrigo Quast."
f000276,1384.920,1389.960,"He's an athlete: he balances two saddled cavalry horses on his chest."
f000277,1389.960,1392.960,"Can a woman desire anything more glorious?"
f000278,1392.960,1398.520,"He told me just now that he'd jump into the water tonight if you did not take pity on him."
f000279,1398.520,1407.880,"I do not envy you this cleverness with which you torture the helpless victims sacrificed to you by their inscrutable destiny."
f000280,1407.880,1412.840,"My own plight has not yet wrung from me the pity that I feel for you."
f000281,1412.840,1418.640,"I feel free as a god when I think to what creatures you are enslaved."
f000282,1418.640,1420.200,"Who do you mean?"
f000283,1420.200,1427.240,"CastiPiani, upon whose forehead the most degenerate baseness is written in letters of fire!"
f000284,1427.240,1428.800,"Be silent!"
f000285,1428.800,1430.800,"I'll kick you, if you speak ill of him."
f000286,1430.800,1437.440,"He loves me with an uprightness against which your most venturous selfsacrifices are poor as beggary!"
f000287,1437.440,1444.160,"He gives me such proofs of selfdenial as reveal you for the first time in all your loathsomeness!"
f000288,1444.160,1448.680,"You didn't get finished in your mother's womb, neither as woman nor as man."
f000289,1448.680,1451.360,"You have no human nature like the rest of us."
f000290,1451.360,1457.080,"The stuff didn't go far enough for a man, and for a woman you got too much brain into your skull."
f000291,1457.080,1459.200,"That's the reason you're crazy!"
f000292,1459.200,1461.000,"Turn to Miss Bianetta!"
f000293,1461.000,1463.400,"She can be had for everything for pay!"
f000294,1463.400,1466.600,"Press a goldpiece into her hand and she'll belong to you."
f000295,1466.600,1471.080,"All the company save Kadidia throng in out of the cardroom."
f000296,1471.080,1473.760,"For the Lord's sake, what has happened?"
f000297,1473.760,1475.520,"Nothing whatever!"
f000298,1475.520,1477.600,"We're thirsty, that's all."
f000299,1477.600,1479.360,"Everybody has won."
f000300,1479.360,1480.920,"We can't believe it."
f000301,1480.920,1484.840,"It seems I have won a whole fortune!"
f000302,1484.840,1487.680,"Don't boast of it, my child."
f000303,1487.680,1489.320,"That isn't lucky."
f000304,1489.320,1491.560,"But the bank has won, too!"
f000305,1491.560,1493.120,"How is that possible?"
f000306,1493.120,1496.720,"It is colossal, where all the money comes from!"
f000307,1496.720,1499.320,"Let us not ask!"
f000308,1499.320,1502.240,"Enough that we need not spare the champagne."
f000309,1502.240,1507.480,"I can pay for a supper in a respectable restaurant afterwards, anyway!"
f000310,1507.480,1509.800,"To the buffet, ladies!"
f000311,1509.800,1511.360,"Come to the buffet!"
f000312,1511.360,1513.720,"All exeunt, lower left."
f000313,1513.720,1516.720,"Holding Lulu back."
f000314,1516.720,1518.760,"Un momong, my heart."
f000315,1518.760,1521.040,"Have you read my billetdoux?"
f000316,1521.040,1524.000,"Threaten me with discovery as much as you like!"
f000317,1524.000,1526.560,"I have no more twenty thousands to dispose of."
f000318,1526.560,1529.680,"Don't lie to me, you punk!"
f000319,1529.680,1533.440,"You've still got forty thousand in Jungfraustock."
f000320,1533.440,1538.800,"Your socalled spouse has just been bragging of it himself!"
f000321,1538.800,1541.200,"Then turn to him with your blackmailing!"
f000322,1541.200,1543.680,"It's all one to me what he does with his money."
f000323,1543.680,1545.080,"Thank you!"
f000324,1545.080,1550.560,"With that blockhead I'd need twice twentyfour hours to make him grasp what I was talking about."
f000325,1550.560,1561.480,"And then come his explanations, that make one deathly sick; and meanwhile my bride writes me It's all up! and I can just hang a hurdygurdy over my shoulder."
f000326,1561.480,1563.480,"Have you got engaged here, then?"
f000327,1563.480,1566.680,"Maybe I ought to have asked your permission first?"
f000328,1566.680,1571.440,"What were my thanks here that I freed you from prison at the cost of my health?"
f000329,1571.440,1573.480,"You abandoned me!"
f000330,1573.480,1579.720,"I might have had to be a baggageman if this girl hadn't taken me up!"
f000331,1579.720,1584.560,"At my very first entrance, right away, they threw a velvetcovered armchair at my head!"
f000332,1584.560,1590.440,"This country is too decadent to value genuine shows of strength any more."
f000333,1590.440,1597.120,"If I'd been a boxing kangaroo they'd have interviewed me and put my picture in all the papers."
f000334,1597.120,1602.520,"Thank heaven, I'd already made the acquaintance of my Celestine."
f000335,1602.520,1610.880,"She's got the savings of twenty years deposited with the government; and she loves me just for myself."
f000336,1610.880,1614.760,"She doesn't aim only at vulgar things, like you."
f000337,1614.760,1620.440,"She's had three children by an American bishopall of the greatest promise."
f000338,1620.440,1624.400,"Day after tomorrow we'll get married by the registrar."
f000339,1624.400,1626.160,"You have my blessing."
f000340,1626.160,1629.440,"Your blessing can be stolen from me."
f000341,1629.440,1633.320,"I've told my bride I had twenty thousand in stock at the bank."
f000342,1633.320,1633.920,"Amused."
f000343,1633.920,1637.800,"And after that he boasts the person loves him for himself!"
f000344,1637.800,1644.360,"She honors in me the man of mind, not the man of might as you and all the others have done."
f000345,1644.360,1645.760,"That's over now."
f000346,1645.760,1651.640,"First they tore the clothes from one's body and then they waltzed around with the chambermaid."
f000347,1651.640,1657.160,"I'll be a skeleton before I'll let myself in again for such diversions!"
f000348,1657.160,1662.120,"Then why the devil do you pursue the unfortunate Geschwitz with your attentions?"
f000349,1662.120,1665.280,"Because the creature is of noble blood."
f000350,1665.280,1671.200,"I'm a man of the world, and can do distinguished conversation better than any of you."
f000351,1671.200,1677.120,"But now with a gesture my talk is hanging out of my mouth!"
f000352,1677.120,1681.800,"Will you get me the money before tomorrow evening or won't you?"
f000353,1681.800,1683.600,"I have no money."
f000354,1683.600,1688.640,"I'll have hendroppings in my head before I'll let myself be put off with that!"
f000355,1688.640,1693.760,"He'll give you his last cent if you'll only do your damned duty once!"
f000356,1693.760,1700.720,"You lured the poor lad here, and now he can see where to scare up a suitable engagement for his accomplishments."
f000357,1700.720,1705.520,"What has it to do with you if he wastes his money with women or at cards?"
f000358,1705.520,1714.840,"Do you absolutely want, then, to throw the last penny that his father earned by his paper into the jaws of this rapacious pack?"
f000359,1714.840,1724.240,"You'll make four people happy if you'll not take things too exactly and sacrifice yourself for a beneficent purpose!"
f000360,1724.240,1727.520,"Has it got to be only CastiPiani forever?"
f000361,1727.520,1727.760,"Lightly."
f000362,1727.760,1731.120,"Shall I ask him perhaps to light you down the stairs?"
f000363,1731.120,1733.200,"As you wish, countess!"
f000364,1733.200,1742.520,"If I don't get the twenty thousand marks by tomorrow evening, I make a statement to the police and your court has an end."
f000365,1742.520,1743.840,"Auf Wiedersehen!"
f000366,1743.840,1747.000,"Heilmann enters, breathless, upper right."
f000367,1747.000,1749.240,"You're looking for Miss Magelone?"
f000368,1749.240,1750.560,"She's not here."
f000369,1750.560,1755.000,"No, I'm looking for something else RODRIGO."
f000370,1755.000,1757.200,"Taking him to the entrydoor, opposite him."
f000371,1757.200,1759.240,"Second door on the left."
f000372,1759.240,1761.320,"To Rodrigo."
f000373,1761.320,1763.400,"Did you learn that from your bride?"
f000374,1763.400,1766.760,"Bumping into Puntschu in the doorway."
f000375,1766.760,1768.920,"Excuse me, my angel!"
f000376,1768.920,1770.640,"Ah, it's you."
f000377,1770.640,1773.400,"Miss Magelone's waiting for you in the lift."
f000378,1773.400,1775.760,"You go up with her, please."
f000379,1775.760,1777.280,"I'll be right back."
f000380,1777.280,1779.360,"He hurries out, left."
f000381,1779.360,1781.360,"Lulu goes out at lower left."
f000382,1781.360,1782.880,"Rodrigo follows her."
f000383,1782.880,1785.240,"Some heat, that!"
f000384,1785.240,1788.800,"If I don't cut off your ears, you'll cut 'em off me!"
f000385,1788.800,1794.600,"If I can't hire out my Jehoshaphat, I've just got to help myself with my brains!"
f000386,1794.600,1798.440,"Won't they get wrinkled, my brains!"
f000387,1798.440,1801.000,"Won't they get indisposed!"
f000388,1801.000,1804.400,"Won't they need to bathe in Eau de Cologne!"
f000389,1804.400,1813.200,"Bob, a groom in a red jacket, tight leather breeches, and twinkling ridingboots, years old, brings in a telegram."
f000390,1813.200,1815.640,"Mr. Puntschu, the banker!"
f000391,1815.640,1827.000,"Breaks open the telegram and murmurs: Jungfrau Funicular Stock fallen to Ay, ay, so goes the world!"
f000392,1827.000,1828.280,"To Bob."
f000393,1828.280,1829.920,"Wait!"
f000394,1829.920,1832.080,"Gives him a tip."
f000395,1832.080,1834.280,"Tell mewhat's your name?"
f000396,1834.280,1840.320,"Well, it's really Freddy, but they call me Bob, because that's the fashion now."
f000397,1840.320,1842.120,"How old are you?"
f000398,1842.120,1843.720,"Fifteen."
f000399,1843.720,1847.840,"Enters hesitatingly from lower left."
f000400,1847.840,1852.200,"I beg your pardon, can you tell me if mama is here?"
f000401,1852.200,1853.880,"No, my dear."
f000402,1853.880,1855.040,"Aside."
f000403,1855.040,1857.560,"Devil, she's got breeding!"
f000404,1857.560,1863.400,"I'm hunting all over for her; I can't find her anywhere."
f000405,1863.400,1867.800,"Your mama will turn up again soon, as true as my name's Puntschu!"
f000406,1867.800,1869.200,"Looking at Bob."
f000407,1869.200,1872.040,"And that pair of breeches!"
f000408,1872.040,1874.000,"God of Justice!"
f000409,1874.000,1875.000,"It gets uncanny!"
f000410,1875.000,1877.480,"He goes out, upper right."
f000411,1877.480,1880.080,"Haven't you seen my mama, perhaps?"
f000412,1880.080,1883.840,"No, but you only need to come with me."
f000413,1883.840,1885.560,"Where is she then?"
f000414,1885.560,1887.760,"She's gone up in the lift."
f000415,1887.760,1888.440,"Come along."
f000416,1888.440,1891.480,"No, no, I can't go up with you."
f000417,1891.480,1894.360,"We can hide up there in the corridor."
f000418,1894.360,1898.120,"No, no, I can't come, or I'll be scolded."
f000419,1898.120,1904.640,"Magelone, terribly excited, rushes in, upper left, and possesses herself of Kadidia."
f000420,1904.640,1908.360,"Ha, there you are at last, you common creature!"
f000421,1908.360,1908.360,"Crying."
f000422,1908.360,1912.160,"O mama, mama, I was hunting for you!"
f000423,1912.160,1913.720,"Hunting for me?"
f000424,1913.720,1915.520,"Did I tell you to hunt for me?"
f000425,1915.520,1917.600,"What have you had to do with this fellow?"
f000426,1917.600,1923.760,"Heilmann, Alva, Ludmilla, Puntschu, Geschwitz, and Lulu enter, lower left."
f000427,1923.760,1925.400,"Bob has withdrawn."
f000428,1925.400,1931.400,"Now don't bawl before all the people on me; look out, I tell you!"
f000429,1931.400,1933.600,"As they all surround Kadidia."
f000430,1933.600,1936.040,"But you're crying, sweetheart!"
f000431,1936.040,1937.560,"Why are you crying?"
f000432,1937.560,1940.280,"By God, she's really been crying!"
f000433,1940.280,1944.480,"Who's done anything to hurt you, little goddess?"
f000434,1944.480,1948.640,"Kneels before her and folds her in her arms."
f000435,1948.640,1953.800,"Tell me, cherub, what bad thing has happened."
f000436,1953.800,1955.440,"Do you want a cookie?"
f000437,1955.440,1957.400,"Do you want some chocolate?"
f000438,1957.400,1959.280,"It's just nerves."
f000439,1959.280,1961.400,"The child's getting them much too soon."
f000440,1961.400,1964.840,"It would be the best thing if no one paid any attention to her!"
f000441,1964.840,1967.000,"That sounds like you!"
f000442,1967.000,1968.680,"You're a pretty mother!"
f000443,1968.680,1973.080,"The courts'll yet take the child away from you and appoint me her guardian!"
f000444,1973.080,1975.280,"Stroking Kadidia's cheeks."
f000445,1975.280,1977.600,"Isn't that so, my little goddess?"
f000446,1977.600,1982.440,"I should be glad if we started the baccarat again at last?"
f000447,1982.440,1984.520,"All go into the cardroom."
f000448,1984.520,1987.320,"Lulu is held back at the door by Bob."
f000449,1987.320,1990.520,"When Bob has whispered to her."
f000450,1990.520,1991.800,"Certainly!"
f000451,1991.800,1992.880,"Let him come in!"
f000452,1992.880,2001.040,"Bob opens the door and lets Schigolch enter, in evening dress, his patentleather shoes much worn, and keeping on his shabby opera hat."
f000453,2001.040,2003.840,"With a look at Bob."
f000454,2003.840,2006.160,"Where d'd you get him from?"
f000455,2006.160,2007.520,"The circus."
f000456,2007.520,2010.120,"How much does he get?"
f000457,2010.120,2012.120,"Ask him if it interests you."
f000458,2012.120,2013.360,"To Bob."
f000459,2013.360,2014.920,"Shut the doors."
f000460,2014.920,2018.640,"Bob goes out lower left, shutting the door behind him."
f000461,2018.640,2020.760,"Sitting down."
f000462,2020.760,2024.280,"The truth is, I'm in need of money."
f000463,2024.280,2027.440,"I've hired a flat for my mistress."
f000464,2027.440,2030.160,"Have you taken another mistress here, too?"
f000465,2030.160,2032.160,"She's from Frankfort."
f000466,2032.160,2035.560,"In her youth she was mistress to the King of Naples."
f000467,2035.560,2040.200,"She tells me every day she was once very bewitching."
f000468,2040.200,2043.120,"Outwardly with complete composure."
f000469,2043.120,2045.480,"Does she need the money very badly?"
f000470,2045.480,2048.840,"She wants to fit up her own apartments."
f000471,2048.840,2051.960,"Such sums are of no account to you."
f000472,2051.960,2055.440,"Lulu is suddenly overcome with a fit of weeping."
f000473,2055.440,2058.520,"Flinging herself at Schigolch."
f000474,2058.520,2060.960,"O God Omnipotent!"
f000475,2060.960,2063.040,"Patting her."
f000476,2063.040,2064.640,"Well?"
f000477,2064.640,2066.200,"What is it now?"
f000478,2066.200,2068.200,"Sobbing violently."
f000479,2068.200,2069.720,"It's too horrible!"
f000480,2069.720,2073.280,"Draws her onto his knee and holds her in his arms like a little child."
f000481,2073.280,2077.760,"HmYou're trying to do too much, child."
f000482,2077.760,2085.360,"You must go to bed, now and then, with a story.Cry, that's right, cry it all out."
f000483,2085.360,2089.880,"It used to shake you just so fifteen years ago."
f000484,2089.880,2094.440,"Nobody has screamed since then, the way you could scream!"
f000485,2094.440,2104.880,"You didn't wear any white tufts on your head then, nor any transparent stockings on your legs: you had neither shoes nor stockings then."
f000486,2104.880,2104.920,"Crying."
f000487,2104.920,2106.840,"Take me home with you!"
f000488,2106.840,2108.760,"Take me home with you tonight!"
f000489,2108.760,2109.760,"Please!"
f000490,2109.760,2112.320,"We'll find carriages enough downstairs!"
f000491,2112.320,2119.360,"I'll take you with me; I'll take you with me.What is it?"
f000492,2119.360,2121.600,"It's going round my neck!"
f000493,2121.600,2123.120,"I'm to be shown up!"
f000494,2123.120,2124.320,"By who?"
f000495,2124.320,2126.280,"Who's showing you up?"
f000496,2126.280,2127.600,"The acrobat."
f000497,2127.600,2130.200,"With the utmost composure."
f000498,2130.200,2132.920,"I'll look after him."
f000499,2132.920,2134.200,"Look after him!"
f000500,2134.200,2136.200,"Please, look after him!"
f000501,2136.200,2137.920,"Then do with me what you will!"
f000502,2137.920,2141.120,"If he comes to me, he's done for."
f000503,2141.120,2144.120,"My window is over the water."
f000504,2144.120,2151.240,"But shaking his head he won't come; he won't come."
f000505,2151.240,2153.200,"What number do you live at?"
f000506,2153.200,2157.320,"SCHIGOLCH., the last house before the hippodrome."
f000507,2157.320,2158.960,"I'll send him there."
f000508,2158.960,2162.280,"He'll come with the crazy person that creeps about my feet."
f000509,2162.280,2164.280,"He'll come this very evening."
f000510,2164.280,2166.760,"Go home and let them find it comfortable."
f000511,2166.760,2168.920,"Just let them come."
f000512,2168.920,2172.920,"Tomorrow bring the gold rings he wears in his ears."
f000513,2172.920,2175.080,"Has he got rings in his ears?"
f000514,2175.080,2177.280,"You can take them out before you let him down."
f000515,2177.280,2179.280,"He doesn't notice anything when he's drunk."
f000516,2179.280,2182.280,"And then, childwhat then?"
f000517,2182.280,2184.840,"Then I'll give you the money for your mistress."
f000518,2184.840,2187.560,"I call that pretty stingy."
f000519,2187.560,2189.480,"And whatever else you want!"
f000520,2189.480,2190.640,"What I have!"
f000521,2190.640,2194.600,"It's pretty near ten years since we knew each other."
f000522,2194.600,2197.960,"Is that all?But you've got a mistress."
f000523,2197.960,2202.720,"My Frankforter is no longer of today."
f000524,2202.720,2204.320,"But then swear!"
f000525,2204.320,2206.960,"Haven't I always kept my word to you?"
f000526,2206.960,2209.440,"Swear that you'll look after him!"
f000527,2209.440,2211.400,"I'll look after him."
f000528,2211.400,2212.920,"Swear it to me!"
f000529,2212.920,2214.200,"Swear it to me!"
f000530,2214.200,2216.680,"Puts his hand on her ankle."
f000531,2216.680,2218.800,"By everything that's holy!"
f000532,2218.800,2221.160,"Tonight, if he comes LULU."
f000533,2221.160,2224.720,"By everything that's holy!How cool that is!"
f000534,2224.720,2227.640,"How hot this is!"
f000535,2227.640,2229.320,"Drive straight home."
f000536,2229.320,2230.840,"They'll come in halfanhour!"
f000537,2230.840,2232.040,"Take a carriage!"
f000538,2232.040,2233.360,"I'm going."
f000539,2233.360,2234.200,"Quick!"
f000540,2234.200,2234.960,"Please!"
f000541,2234.960,2236.800,"Allpowerful SCHIGOLCH."
f000542,2236.800,2239.600,"Why do you stare at me so again already?"
f000543,2239.600,2240.440,"Nothing."
f000544,2240.440,2241.760,"Well?"
f000545,2241.760,2244.040,"Is your tongue frozen on you?"
f000546,2244.040,2245.720,"My garter's broken."
f000547,2245.720,2247.040,"What if it is?"
f000548,2247.040,2248.320,"Is that all?"
f000549,2248.320,2249.760,"What does that augur?"
f000550,2249.760,2250.800,"What does it?"
f000551,2250.800,2253.960,"I'll fasten it for you if you'll keep still."
f000552,2253.960,2256.000,"That augurs misfortune!"
f000553,2256.000,2256.040,"Yawning."
f000554,2256.040,2259.240,"Not for you, child."
f000555,2259.240,2262.640,"Cheer up, I'll look after him!"
f000556,2262.640,2264.640,"Exit."
f000557,2264.640,2270.480,"Lulu puts her left foot on a footstool, fastens her garter, and goes out into the cardroom."
f000558,2270.480,2275.560,"Then Rodrigo is cuffed in from the diningroom, lower left, by CastiPiani."
f000559,2275.560,2278.440,"You can treat me decently anyway!"
f000560,2278.440,2280.480,"Still perfectly unemotional."
f000561,2280.480,2282.840,"Whatever would induce me to do that?"
f000562,2282.840,2286.880,"I will know what you said to her here a little while ago."
f000563,2286.880,2289.320,"Then you can be very fond of me!"
f000564,2289.320,2292.800,"Will you bandy words with me, dog?"
f000565,2292.800,2296.160,"You demanded that she go up in the lift with you!"
f000566,2296.160,2299.960,"That's a shameless, perfidious lie!"
f000567,2299.960,2302.680,"She told me so herself."
f000568,2302.680,2309.200,"You threatened to denounce her if she didn't go with you.Shall I shoot you on the spot?"
f000569,2309.200,2311.560,"The shameless hussy!"
f000570,2311.560,2320.360,"As if anything like that could occur to me!Even if I should want to have her, God knows I don't first need to threaten her with prison!"
f000571,2320.360,2321.760,"Thank you."
f000572,2321.760,2323.840,"That's all I wanted to know."
f000573,2323.840,2326.280,"Exit, upper left."
f000574,2326.280,2327.960,"Such a hound!"
f000575,2327.960,2337.600,"A fellow I could throw up onto the roof so he'd stick like a Limburger cheese!Come back here, so I can wind your guts round your neck."
f000576,2337.600,2339.400,"That would be even better!"
f000577,2339.400,2342.960,"Enters, lower left; merrily."
f000578,2342.960,2343.360,"Where were you?"
f000579,2343.360,2345.400,"I've been hunting for you like a pin."
f000580,2345.400,2348.960,"I've shown him what it means to start anything with me!"
f000581,2348.960,2349.880,"Whom?"
f000582,2349.880,2351.440,"Your CastiPiani!"
f000583,2351.440,2355.760,"What made you tell him, you slut, that I wanted to seduce you?!"
f000584,2355.760,2362.440,"Did you not ask me to give myself to my deceased husband's son for twenty thousand in Jungfrau shares?"
f000585,2362.440,2366.640,"Because it's your duty to take pity on the poor young fellow!"
f000586,2366.640,2371.080,"You shot away his father before his nose in the very best years of life!"
f000587,2371.080,2376.120,"But your CastiPiani will think it over before he comes into my sight again."
f000588,2376.120,2382.360,"I gave him one in the basket that made the tripes fly to heaven like Roman candles."
f000589,2382.360,2388.600,"If you've got no better substitute for me, then I'm sorry ever to have had your favor!"
f000590,2388.600,2391.280,"Lady Geschwitz is in the fearfullest case."
f000591,2391.280,2393.280,"She twists herself up in fits."
f000592,2393.280,2397.080,"She's at the point of jumping into the water if you let her wait any longer."
f000593,2397.080,2399.400,"What's the beast waiting for?"
f000594,2399.400,2402.160,"For you, to take her with you."
f000595,2402.160,2405.440,"Then give her my regards, and she can jump into the water."
f000596,2405.440,2411.880,"She'll lend me twenty thousand marks to save me from destruction if you will preserve her from it herself."
f000597,2411.880,2418.720,"If you'll take her off tonight, I'll deposit twenty thousand marks tomorrow in your name at any bank you say."
f000598,2418.720,2421.160,"And if I don't take her off with me?"
f000599,2421.160,2422.560,"Denounce me!"
f000600,2422.560,2424.520,"Alva and I are dead broke."
f000601,2424.520,2426.600,"Devil and damnation!"
f000602,2426.600,2433.760,"You make four people happy if you don't take things too exactly and sacrifice yourself for a beneficent purpose."
f000603,2433.760,2437.080,"That won't go; I know that, beforehand."
f000604,2437.080,2439.320,"I've tried that out enough now."
f000605,2439.320,2442.960,"Who counts on an honorable soul like that in a bag o' bones!"
f000606,2442.960,2447.120,"What the person had for me was her being an aristocrat."
f000607,2447.120,2453.560,"My behavior was as gentlemanlike, and more, as you could find among German circuspeople."
f000608,2453.560,2457.520,"If I'd only just pinched her in the calves once!"
f000609,2457.520,2457.520,"Watchfully."
f000610,2457.520,2459.800,"She is still a virgin."
f000611,2459.800,2460.760,"Sighing."
f000612,2460.760,2465.320,"If there's a God in heaven, you'll get paid for your jokes some day!"
f000613,2465.320,2466.800,"I prophesy that."
f000614,2466.800,2468.600,"Geschwitz waits."
f000615,2468.600,2469.960,"What shall I tell her?"
f000616,2469.960,2473.000,"My very best wishes, and I am perverse."
f000617,2473.000,2474.480,"I will deliver that."
f000618,2474.480,2475.880,"Wait a sec."
f000619,2475.880,2479.400,"Is it certain sure I get twenty thousand marks from her?"
f000620,2479.400,2480.840,"Ask herself!"
f000621,2480.840,2482.640,"Then tell her I'm ready."
f000622,2482.640,2484.440,"I await her in the diningroom."
f000623,2484.440,2487.720,"I must just first look after a barrel of caviare."
f000624,2487.720,2489.520,"Exit, left."
f000625,2489.520,2494.040,"Lulu opens the rear door and calls in a clear voice Martha!"
f000626,2494.040,2497.960,"Countess Geschwitz enters, closing the door behind her."
f000627,2497.960,2497.960,"Pleased."
f000628,2497.960,2501.400,"Dear heart, you can save me from death tonight."
f000629,2501.400,2502.400,"How?"
f000630,2502.400,2505.280,"By going to a certain house with the acrobat."
f000631,2505.280,2506.880,"What for, dear?"
f000632,2506.880,2511.560,"He says you must belong to him this very night or he'll denounce me tomorrow."
f000633,2511.560,2514.480,"You know I can't belong to any man."
f000634,2514.480,2516.880,"My fate has not permitted that."
f000635,2516.880,2519.960,"If you don't please him, that's his own fix."
f000636,2519.960,2522.000,"Why has he fallen in love with you?"
f000637,2522.000,2524.800,"But he'll get as brutal as a hangman."
f000638,2524.800,2529.000,"He'll revenge himself for his disappointment and beat my head in."
f000639,2529.000,2531.440,"I've been thru that already."
f000640,2531.440,2536.000,"Can you not possibly spare me this hardest test?"
f000641,2536.000,2538.920,"What will you gain by his denouncing me?"
f000642,2538.920,2544.120,"I have still enough of my fortune to take us to America together in the steerage."
f000643,2544.120,2547.560,"There you'd be safe from all your pursuers."
f000644,2547.560,2547.560,"Pleased and gay."
f000645,2547.560,2549.280,"I want to stay here."
f000646,2549.280,2551.720,"I can never be happy in any other city."
f000647,2551.720,2554.360,"You must tell him that you can't live without him."
f000648,2554.360,2557.560,"Then he'll feel flattered and be gentle as a lamb."
f000649,2557.560,2567.680,"You must pay the coachman, too: give him this paper with the address on it. is a sixthclass hotel where they're expecting you with him this evening."
f000650,2567.680,2568.440,"Shuddering."
f000651,2568.440,2572.760,"How can such a monstrosity save your life?"
f000652,2572.760,2575.160,"I don't understand that."
f000653,2575.160,2581.160,"You have conjured up to torture me the most terrible fate that can fall upon outlawed me!"
f000654,2581.160,2582.080,"Watchful."
f000655,2582.080,2584.560,"Perhaps the encounter will cure you."
f000656,2584.560,2585.560,"Sighing."
f000657,2585.560,2592.240,"O Lulu, if an eternal retribution does exist, I hope I may not have to answer then for you."
f000658,2592.240,2597.480,"I cannot make myself believe that no God watches over us."
f000659,2597.480,2614.120,"Yet you are probably right that there is nothing there, for how can an insignificant worm like me have provoked his wrath so as to experience only horror there where all living creation swoons for bliss?"
f000660,2614.120,2615.960,"You needn't complain."
f000661,2615.960,2622.640,"When you are happy you're a hundred thousand times happier than one of us ordinary mortals ever is!"
f000662,2622.640,2624.360,"I know that too!"
f000663,2624.360,2626.120,"I envy no one!"
f000664,2626.120,2628.480,"But I am still waiting."
f000665,2628.480,2631.560,"You have deceived me so often already."
f000666,2631.560,2636.640,"I am yours, my darling, if you quiet Mr. Acrobat till tomorrow."
f000667,2636.640,2639.080,"He only wants his vanity placated."
f000668,2639.080,2641.600,"You must beseech him to take pity on you."
f000669,2641.600,2643.120,"And tomorrow?"
f000670,2643.120,2645.120,"I await you, my heart."
f000671,2645.120,2653.400,"I shall not open my eyes till you come: see no chambermaid, receive no hairdresser, not open my eyes before you are with me."
f000672,2653.400,2655.080,"Then let him come."
f000673,2655.080,2657.760,"But you must throw yourself at his head, dear!"
f000674,2657.760,2659.480,"Have you got the housenumber?"
f000675,2659.480,2661.120,"Threeseventysix."
f000676,2661.120,2663.240,"But quick now!"
f000677,2663.240,2664.600,"Calls into the diningroom."
f000678,2664.600,2667.240,"Ready, my darling?"
f000679,2667.240,2668.000,"Entering."
f000680,2668.000,2671.160,"The ladies will pardon my mouth's being full."
f000681,2671.160,2673.800,"Seizing his hand."
f000682,2673.800,2676.920,"I implore you, have mercy on my need!"
f000683,2676.920,2678.480,"A la bonne heure!"
f000684,2678.480,2680.280,"Let us mount the scaffold!"
f000685,2680.280,2682.160,"Offers her his arm."
f000686,2682.160,2683.880,"Goodnight, children!"
f000687,2683.880,2687.880,"Accompanies them into the corridor. then quickly returns with Bob."
f000688,2687.880,2689.920,"Quick, quick, Bob!"
f000689,2689.920,2691.480,"We must get away this moment!"
f000690,2691.480,2692.640,"You escort me!"
f000691,2692.640,2694.480,"But we must change clothes!"
f000692,2694.480,2695.480,"Curt and clear."
f000693,2695.480,2696.760,"As the gracious lady bids."
f000694,2696.760,2699.200,"Oh what, gracious lady!"
f000695,2699.200,2701.200,"You give me your clothes and put on mine."
f000696,2701.200,2702.840,"Come!"
f000697,2702.840,2705.000,"Exeunt into the diningroom."
f000698,2705.000,2718.440,"Noise in the cardroom, the doors are torn open, and Puntschu, Heilmann, Alva, Bianetta, Magelone, Kadidia and Ludmilla enter, Heilmann holding a piece of paper with a glowing Alpine peak at its top."
f000699,2718.440,2720.840,"To Puntschu."
f000700,2720.840,2723.680,"Will you accept this share of Jungfraustock, sir?"
f000701,2723.680,2728.600,"But that paper has no exchange, my friend."
f000702,2728.600,2730.000,"You rascal!"
f000703,2730.000,2732.440,"You just don't want to give me my revenge!"
f000704,2732.440,2734.560,"To Bianetta."
f000705,2734.560,2737.360,"Have you any idea what it's all about?"
f000706,2737.360,2743.120,"Puntschu has taken all his money from him, and now gives up the game."
f000707,2743.120,2746.840,"Now he's got cold feet, the filthy Jew!"
f000708,2746.840,2749.200,"How have I given up the game?"
f000709,2749.200,2751.160,"How have I got cold feet?"
f000710,2751.160,2754.440,"The gentleman has merely to lay plain cash!"
f000711,2754.440,2756.200,"Is this my bankingoffice I'm in?"
f000712,2756.200,2758.800,"He can proffer me his trash tomorrow morning!"
f000713,2758.800,2760.720,"Trash you call that?"
f000714,2760.720,2764.000,"The stock in my knowledge is at !"
f000715,2764.000,2767.320,"Yesterday it was at, you're right."
f000716,2767.320,2769.960,"Today, it's just nowhere."
f000717,2769.960,2775.720,"And tomorrow you'll find nothing cheaper or more tasteful to paper your stairs with."
f000718,2775.720,2778.040,"But how is that possible?"
f000719,2778.040,2782.320,"Then we would be down and out!"
f000720,2782.320,2786.800,"Well, what am I to say, who have lost my whole fortune in it!"
f000721,2786.800,2794.560,"Tomorrow morning I shall have the pleasure of taking up the struggle for an assured existence for the thirtysixth time!"
f000722,2794.560,2797.320,"Passing forward."
f000723,2797.320,2802.160,"Am I dreaming or do I really hear the Jungfraustock has fallen?"
f000724,2802.160,2806.000,"Fallen even lower than you!"
f000725,2806.000,2808.720,"Tho you can use 'em for curlpaper."
f000726,2808.720,2811.160,"O God in Heaven!"
f000727,2811.160,2813.280,"Ten years' work!"
f000728,2813.280,2815.160,"Falls in a faint."
f000729,2815.160,2816.680,"Wake up, mama!"
f000730,2816.680,2817.440,"Wake up!"
f000731,2817.440,2825.560,"Say, Mr. Puntschu, where will you eat this evening, since you've lost your whole fortune?"
f000732,2825.560,2828.120,"Wherever you like, young lady!"
f000733,2828.120,2830.240,"Take me where you will, but quickly!"
f000734,2830.240,2832.040,"Here it's getting frightful."
f000735,2832.040,2835.160,"Exeunt Puntschu and Bianetta."
f000736,2835.160,2839.360,"Squeezing up his stock and flinging it to the ground."
f000737,2839.360,2842.080,"That is what one gets from this pack!"
f000738,2842.080,2845.600,"Why do you speculate on the Jungfrau too?"
f000739,2845.600,2852.760,"Send a few little notices on the company to the German police here, and then you'll still win something in the end."
f000740,2852.760,2857.560,"I've never tried that in my life, but if you want to help me?"
f000741,2857.560,2860.840,"Let's go to an allnight restaurant."
f000742,2860.840,2863.400,"Do you know the Fivefooted Calf?"
f000743,2863.400,2865.040,"I'm very sorry LUDMILLA."
f000744,2865.040,2867.800,"Or the Sucking Lamb, or the Smoking Dog?"
f000745,2867.800,2870.560,"They're all right near here."
f000746,2870.560,2876.520,"We'll be all by ourselves there, and before dawn we'll have a little article ready."
f000747,2876.520,2878.160,"Don't you sleep?"
f000748,2878.160,2882.400,"Oh, of course; but not at night."
f000749,2882.400,2885.440,"Exeunt Heilmann and Ludmilla."
f000750,2885.440,2889.920,"Who has been trying to resuscitate Magelone."
f000751,2889.920,2892.600,"Icecold hands!"
f000752,2892.600,2895.280,"Ah, what a splendid woman!"
f000753,2895.280,2897.880,"We must undo her waist."
f000754,2897.880,2902.040,"Come, Kadidia, undo your mother's waist!"
f000755,2902.040,2904.600,"She's so fearfully tightlaced."
f000756,2904.600,2907.480,"Without stirring."
f000757,2907.480,2909.800,"I'm afraid."
f000758,2909.800,2918.240,"Lulu enters lower left in a jockeycap, red jacket, white leather breeches and riding boots, a riding cape over her shoulders."
f000759,2918.240,2921.800,"Have you any cash, Alva?"
f000760,2921.800,2922.600,"Looking up."
f000761,2922.600,2923.920,"Have you gone crazy?"
f000762,2923.920,2926.480,"In two minutes the police'll be here."
f000763,2926.480,2927.640,"We are denounced."
f000764,2927.640,2930.120,"You can stay of course, if you're eager to!"
f000765,2930.120,2932.920,"Springing up."
f000766,2932.920,2934.440,"Merciful Heaven!"
f000767,2934.440,2936.840,"Exeunt Alva and Lulu."
f000768,2936.840,2940.360,"Shaking her mother, in tears."
f000769,2940.360,2944.480,"Mama, Mama!"
f000770,2944.480,2945.720,"Wake up!"
f000771,2945.720,2946.240,"They've all run away!"
f000772,2946.240,2947.520,"Coming to herself."
f000773,2947.520,2949.400,"And youth gone!"
f000774,2949.400,2952.000,"And my best days gone!"
f000775,2952.000,2954.400,"Oh, this life!"
f000776,2954.400,2956.640,"But I'm young, mama!"
f000777,2956.640,2958.720,"Why shouldn't I earn any money?"
f000778,2958.720,2961.000,"I don't want to go back to the convent!"
f000779,2961.000,2963.280,"Please, mama, keep me with you!"
f000780,2963.280,2965.560,"God bless you, sweetheart!"
f000781,2965.560,2976.520,"You don't know what you sayOh, no, I shall look around for an engagement in a Variet√©, and sing the people my misfortunes with the Jungfraustock."
f000782,2976.520,2979.640,"Things like that are always applauded."
f000783,2979.640,2982.360,"But you've got no voice, mama!"
f000784,2982.360,2984.840,"Ah, yes, that's true!"
f000785,2984.840,2987.600,"Take me with you to the Variet√©!"
f000786,2987.600,3002.320,"No, it would break my heart!But, well, if it can't be otherwise, and you're so made for it,I can't change things!Yes, we can go to the Olympia together tomorrow!"
f000787,3002.320,3006.440,"O mama, how glad that makes me feel!"
f000788,3006.440,3009.840,"A plainclothes detective enters, upper left."
f000789,3009.840,3013.280,"In the name of the lawI arrest you!"
f000790,3013.280,3016.880,"Following him, bored."
f000791,3016.880,3019.760,"What sort of nonsense is that?"
f000792,3019.760,3022.360,"That isn't the right one!"
f000793,3022.360,3037.680,"curtain end of act."